Workbook

Sheet bus
A1: name | B1: baseKV | C1: type | D1: zone | E1: VLB | F1: VUB
A2: 1 | B2: 138 | C2: 2 | D2: 1 | E2: 0.95 | F2: 1.05
A3: 2 | B3: 138 | C3: 2 | D3: 1 | E3: 0.95 | F3: 1.05
A4: 3 | B4: 138 | C4: 1 | D4: 1 | E4: 0.95 | F4: 1.05
A5: 4 | B5: 138 | C5: 1 | D5: 1 | E5: 0.95 | F5: 1.05
A6: 5 | B6: 138 | C6: 1 | D6: 1 | E6: 0.95 | F6: 1.05
A7: 6 | B7: 138 | C7: 1 | D7: 1 | E7: 0.95 | F7: 1.05
A8: 7 | B8: 138 | C8: 2 | D8: 1 | E8: 0.95 | F8: 1.05
A9: 8 | B9: 138 | C9: 1 | D9: 1 | E9: 0.95 | F9: 1.05
A10: 9 | B10: 138 | C10: 1 | D10: 1 | E10: 0.95 | F10: 1.05
A11: 10 | B11: 138 | C11: 1 | D11: 1 | E11: 0.95 | F11: 1.05
A12: 11 | B12: 230 | C12: 1 | D12: 1 | E12: 0.95 | F12: 1.05
A13: 12 | B13: 230 | C13: 1 | D13: 1 | E13: 0.95 | F13: 1.05
... A25: 24 | B25: 230 | C25: 1 | D25: 1 | E25: 0.95 | F25: 1.05

Sheet demand
A1: name | B1: busname | C1: import_policy | D1: prorata_groups | E1: total_% | F1: real | G1: reactive | H1: stat | I1: VOLL
A2: D1 | B2: 1 | C2: Individual | E2: 0.019 | F2: =1775.835*E2 -> 33.740865 | H2: 1 | I2: 7000
A3: D2 | B3: 2 | C3: Individual | E3: 0.017 | F3: =1775.835*E3 -> 30.189195 | H3: 1 | I3: 7000
A4: D3 | B4: 3 | C4: Individual | E4: 0.032 | F4: =1775.835*E4 -> 56.82672 | H4: 1 | I4: 7000
A5: D4 | B5: 4 | C5: Individual | E5: 0.013 | F5: =1775.835*E5 -> 23.085855 | H5: 1 | I5: 7000
A6: D5 | B6: 5 | C6: Individual | E6: 0.013 | F6: =1775.835*E6 -> 23.085855 | H6: 1 | I6: 7000
A7: D6 | B7: 6 | C7: Individual | E7: 0.024 | F7: =1775.835*E7 -> 42.62004 | H7: 1 | I7: 7000
A8: D7 | B8: 7 | C8: Individual | E8: 0.022 | F8: =1775.835*E8 -> 39.06837 | H8: 1 | I8: 7000
A9: D8 | B9: 8 | C9: Individual | E9: 0.03 | F9: =1775.835*E9 -> 53.27505 | H9: 1 | I9: 7000
A10: D9 | B10: 9 | C10: Individual | E10: 0.031 | F10: =1775.835*E10 -> 55.050885 | H10: 1 | I10: 7000
A11: D10 | B11: 10 | C11: Individual | E11: 0.034 | F11: =1775.835*E11 -> 60.37839 | H11: 1 | I11: 7000
A12: D11 | B12: 13 | C12: Individual | E12: 0.134 | F12: =1775.835*E12 -> 237.96189 | H12: 1 | I12: 7000
A13: D12 | B13: 14 | C13: Individual | E13: 0.098 | F13: =1775.835*E13 -> 174.03183 | H13: 1 | I13: 7000
... A18: D17 | B18: 20 | C18: Individual | E18: 0.065 | F18: =1775.835*E18 -> 115.42928 | H18: 1 | I18: 7000

Sheet ts_PD
A1: timestep | B1: D1 | C1: D2 | D1: D3 | E1: D4 | F1: D5 | G1: D1 | H1: D2 | I1: D3 | J1: D4 | K1: D5 | L1: D6 | M1: D7 | N1: D8 | O1: D9 | P1: D10 | Q1: D11 | R1: D12 | S1: D13 | T1: D14 | U1: D15 | V1: D16 | W1: D17
A2: t-1 | B2: ='PD Calculator'!C2 -> 47.5 | C2: ='PD Calculator'!D2 -> 42.5 | D2: ='PD Calculator'!E2 -> 80 | E2: ='PD Calculator'!F2 -> 32.5 | F2: ='PD Calculator'!G2 -> 32.5 | G2: ='PD Calculator'!H2 -> 47.5 | H2: ='PD Calculator'!I2 -> 42.5 | I2: ='PD Calculator'!J2 -> 80 | ... W2: ='PD Calculator'!X2 -> 162.5

Sheet PD Calculator
A1: timestep | B1: TOTAL | C1: D1 | D1: D2 | E1: D3 | F1: D4 | G1: D5 | H1: D1 | I1: D2 | J1: D3 | K1: D4 | L1: D5 | M1: D6 | N1: D7 | O1: D8 | P1: D9 | Q1: D10 | R1: D11 | S1: D12 | T1: D13 | U1: D14 | V1: D15 | W1: D16 | X1: D17
A2: t-1 | B2: 2500 | C2: =_xlfn.XLOOKUP(C$1,demand!$A$2:$A$18,demand!$E$2:$E$18)*$B2 -> 47.5 | D2: =_xlfn.XLOOKUP(D$1,demand!$A$2:$A$18,demand!$E$2:$E$18)*$B2 -> 42.5 | E2: =_xlfn.XLOOKUP(E$1,demand!$A$2:$A$18,demand!$E$2:$E$18)*$B2 -> 80 | F2: =_xlfn.XLOOKUP(F$1,demand!$A$2:$A$18,demand!$E$2:$E$18)*$B2 -> 32.5 | G2: =_xlfn.XLOOKUP(G$1,demand!$A$2:$A$18,demand!$E$2:$E$18)*$B2 -> 32.5 | H2: =_xlfn.XLOOKUP(H$1,demand!$A$2:$A$18,demand!$E$2:$E$18)*$B2 -> 47.5 | I2: =_xlfn.XLOOKUP(I$1,demand!$A$2:$A$18,demand!$E$2:$E$18)*$B2 -> 42.5 | J2: =_xlfn.XLOOKUP(J$1,demand!$A$2:$A$18,demand!$E$2:$E$18)*$B2 -> 80 | ... X2: =_xlfn.XLOOKUP(X$1,demand!$A$2:$A$18,demand!$E$2:$E$18)*$B2 -> 162.5
A3: t-2 | B3: 100 | C3: =_xlfn.XLOOKUP(C$1,demand!$A$2:$A$18,demand!$E$2:$E$18)*$B3 -> 1.9 | D3: =_xlfn.XLOOKUP(D$1,demand!$A$2:$A$18,demand!$E$2:$E$18)*$B3 -> 1.7 | E3: =_xlfn.XLOOKUP(E$1,demand!$A$2:$A$18,demand!$E$2:$E$18)*$B3 -> 3.2 | F3: =_xlfn.XLOOKUP(F$1,demand!$A$2:$A$18,demand!$E$2:$E$18)*$B3 -> 1.3 | G3: =_xlfn.XLOOKUP(G$1,demand!$A$2:$A$18,demand!$E$2:$E$18)*$B3 -> 1.3 | H3: =_xlfn.XLOOKUP(H$1,demand!$A$2:$A$18,demand!$E$2:$E$18)*$B3 -> 1.9 | I3: =_xlfn.XLOOKUP(I$1,demand!$A$2:$A$18,demand!$E$2:$E$18)*$B3 -> 1.7 | J3: =_xlfn.XLOOKUP(J$1,demand!$A$2:$A$18,demand!$E$2:$E$18)*$B3 -> 3.2 | ... X3: =_xlfn.XLOOKUP(X$1,demand!$A$2:$A$18,demand!$E$2:$E$18)*$B3 -> 6.5
A4: t-3 | B4: 200 | C4: =_xlfn.XLOOKUP(C$1,demand!$A$2:$A$18,demand!$E$2:$E$18)*$B4 -> 3.8 | D4: =_xlfn.XLOOKUP(D$1,demand!$A$2:$A$18,demand!$E$2:$E$18)*$B4 -> 3.4 | E4: =_xlfn.XLOOKUP(E$1,demand!$A$2:$A$18,demand!$E$2:$E$18)*$B4 -> 6.4 | F4: =_xlfn.XLOOKUP(F$1,demand!$A$2:$A$18,demand!$E$2:$E$18)*$B4 -> 2.6 | G4: =_xlfn.XLOOKUP(G$1,demand!$A$2:$A$18,demand!$E$2:$E$18)*$B4 -> 2.6 | H4: =_xlfn.XLOOKUP(H$1,demand!$A$2:$A$18,demand!$E$2:$E$18)*$B4 -> 3.8 | I4: =_xlfn.XLOOKUP(I$1,demand!$A$2:$A$18,demand!$E$2:$E$18)*$B4 -> 3.4 | J4: =_xlfn.XLOOKUP(J$1,demand!$A$2:$A$18,demand!$E$2:$E$18)*$B4 -> 6.4 | ... X4: =_xlfn.XLOOKUP(X$1,demand!$A$2:$A$18,demand!$E$2:$E$18)*$B4 -> 13
A5: t-4 | B5: 300 | C5: =_xlfn.XLOOKUP(C$1,demand!$A$2:$A$18,demand!$E$2:$E$18)*$B5 -> 5.7 | D5: =_xlfn.XLOOKUP(D$1,demand!$A$2:$A$18,demand!$E$2:$E$18)*$B5 -> 5.1 | E5: =_xlfn.XLOOKUP(E$1,demand!$A$2:$A$18,demand!$E$2:$E$18)*$B5 -> 9.6 | F5: =_xlfn.XLOOKUP(F$1,demand!$A$2:$A$18,demand!$E$2:$E$18)*$B5 -> 3.9 | G5: =_xlfn.XLOOKUP(G$1,demand!$A$2:$A$18,demand!$E$2:$E$18)*$B5 -> 3.9 | H5: =_xlfn.XLOOKUP(H$1,demand!$A$2:$A$18,demand!$E$2:$E$18)*$B5 -> 5.7 | I5: =_xlfn.XLOOKUP(I$1,demand!$A$2:$A$18,demand!$E$2:$E$18)*$B5 -> 5.1 | J5: =_xlfn.XLOOKUP(J$1,demand!$A$2:$A$18,demand!$E$2:$E$18)*$B5 -> 9.6 | ... X5: =_xlfn.XLOOKUP(X$1,demand!$A$2:$A$18,demand!$E$2:$E$18)*$B5 -> 19.5
A6: t-5 | B6: 400 | C6: =_xlfn.XLOOKUP(C$1,demand!$A$2:$A$18,demand!$E$2:$E$18)*$B6 -> 7.6 | D6: =_xlfn.XLOOKUP(D$1,demand!$A$2:$A$18,demand!$E$2:$E$18)*$B6 -> 6.8 | E6: =_xlfn.XLOOKUP(E$1,demand!$A$2:$A$18,demand!$E$2:$E$18)*$B6 -> 12.8 | F6: =_xlfn.XLOOKUP(F$1,demand!$A$2:$A$18,demand!$E$2:$E$18)*$B6 -> 5.2 | G6: =_xlfn.XLOOKUP(G$1,demand!$A$2:$A$18,demand!$E$2:$E$18)*$B6 -> 5.2 | H6: =_xlfn.XLOOKUP(H$1,demand!$A$2:$A$18,demand!$E$2:$E$18)*$B6 -> 7.6 | I6: =_xlfn.XLOOKUP(I$1,demand!$A$2:$A$18,demand!$E$2:$E$18)*$B6 -> 6.8 | J6: =_xlfn.XLOOKUP(J$1,demand!$A$2:$A$18,demand!$E$2:$E$18)*$B6 -> 12.8 | ... X6: =_xlfn.XLOOKUP(X$1,demand!$A$2:$A$18,demand!$E$2:$E$18)*$B6 -> 26
A7: t-6 | B7: 500 | C7: =_xlfn.XLOOKUP(C$1,demand!$A$2:$A$18,demand!$E$2:$E$18)*$B7 -> 9.5 | D7: =_xlfn.XLOOKUP(D$1,demand!$A$2:$A$18,demand!$E$2:$E$18)*$B7 -> 8.5 | E7: =_xlfn.XLOOKUP(E$1,demand!$A$2:$A$18,demand!$E$2:$E$18)*$B7 -> 16 | F7: =_xlfn.XLOOKUP(F$1,demand!$A$2:$A$18,demand!$E$2:$E$18)*$B7 -> 6.5 | G7: =_xlfn.XLOOKUP(G$1,demand!$A$2:$A$18,demand!$E$2:$E$18)*$B7 -> 6.5 | H7: =_xlfn.XLOOKUP(H$1,demand!$A$2:$A$18,demand!$E$2:$E$18)*$B7 -> 9.5 | I7: =_xlfn.XLOOKUP(I$1,demand!$A$2:$A$18,demand!$E$2:$E$18)*$B7 -> 8.5 | J7: =_xlfn.XLOOKUP(J$1,demand!$A$2:$A$18,demand!$E$2:$E$18)*$B7 -> 16 | ... X7: =_xlfn.XLOOKUP(X$1,demand!$A$2:$A$18,demand!$E$2:$E$18)*$B7 -> 32.5
A8: t-7 | B8: 600 | C8: =_xlfn.XLOOKUP(C$1,demand!$A$2:$A$18,demand!$E$2:$E$18)*$B8 -> 11.4 | D8: =_xlfn.XLOOKUP(D$1,demand!$A$2:$A$18,demand!$E$2:$E$18)*$B8 -> 10.2 | E8: =_xlfn.XLOOKUP(E$1,demand!$A$2:$A$18,demand!$E$2:$E$18)*$B8 -> 19.2 | F8: =_xlfn.XLOOKUP(F$1,demand!$A$2:$A$18,demand!$E$2:$E$18)*$B8 -> 7.8 | G8: =_xlfn.XLOOKUP(G$1,demand!$A$2:$A$18,demand!$E$2:$E$18)*$B8 -> 7.8 | H8: =_xlfn.XLOOKUP(H$1,demand!$A$2:$A$18,demand!$E$2:$E$18)*$B8 -> 11.4 | I8: =_xlfn.XLOOKUP(I$1,demand!$A$2:$A$18,demand!$E$2:$E$18)*$B8 -> 10.2 | J8: =_xlfn.XLOOKUP(J$1,demand!$A$2:$A$18,demand!$E$2:$E$18)*$B8 -> 19.2 | ... X8: =_xlfn.XLOOKUP(X$1,demand!$A$2:$A$18,demand!$E$2:$E$18)*$B8 -> 39
A9: t-8 | B9: 700 | C9: =_xlfn.XLOOKUP(C$1,demand!$A$2:$A$18,demand!$E$2:$E$18)*$B9 -> 13.3 | D9: =_xlfn.XLOOKUP(D$1,demand!$A$2:$A$18,demand!$E$2:$E$18)*$B9 -> 11.9 | E9: =_xlfn.XLOOKUP(E$1,demand!$A$2:$A$18,demand!$E$2:$E$18)*$B9 -> 22.4 | F9: =_xlfn.XLOOKUP(F$1,demand!$A$2:$A$18,demand!$E$2:$E$18)*$B9 -> 9.1 | G9: =_xlfn.XLOOKUP(G$1,demand!$A$2:$A$18,demand!$E$2:$E$18)*$B9 -> 9.1 | H9: =_xlfn.XLOOKUP(H$1,demand!$A$2:$A$18,demand!$E$2:$E$18)*$B9 -> 13.3 | I9: =_xlfn.XLOOKUP(I$1,demand!$A$2:$A$18,demand!$E$2:$E$18)*$B9 -> 11.9 | J9: =_xlfn.XLOOKUP(J$1,demand!$A$2:$A$18,demand!$E$2:$E$18)*$B9 -> 22.4 | ... X9: =_xlfn.XLOOKUP(X$1,demand!$A$2:$A$18,demand!$E$2:$E$18)*$B9 -> 45.5
A10: t-9 | B10: 800 | C10: =_xlfn.XLOOKUP(C$1,demand!$A$2:$A$18,demand!$E$2:$E$18)*$B10 -> 15.2 | D10: =_xlfn.XLOOKUP(D$1,demand!$A$2:$A$18,demand!$E$2:$E$18)*$B10 -> 13.6 | E10: =_xlfn.XLOOKUP(E$1,demand!$A$2:$A$18,demand!$E$2:$E$18)*$B10 -> 25.6 | F10: =_xlfn.XLOOKUP(F$1,demand!$A$2:$A$18,demand!$E$2:$E$18)*$B10 -> 10.4 | G10: =_xlfn.XLOOKUP(G$1,demand!$A$2:$A$18,demand!$E$2:$E$18)*$B10 -> 10.4 | H10: =_xlfn.XLOOKUP(H$1,demand!$A$2:$A$18,demand!$E$2:$E$18)*$B10 -> 15.2 | I10: =_xlfn.XLOOKUP(I$1,demand!$A$2:$A$18,demand!$E$2:$E$18)*$B10 -> 13.6 | J10: =_xlfn.XLOOKUP(J$1,demand!$A$2:$A$18,demand!$E$2:$E$18)*$B10 -> 25.6 | ... X10: =_xlfn.XLOOKUP(X$1,demand!$A$2:$A$18,demand!$E$2:$E$18)*$B10 -> 52
A11: t-10 | B11: 900 | C11: =_xlfn.XLOOKUP(C$1,demand!$A$2:$A$18,demand!$E$2:$E$18)*$B11 -> 17.1 | D11: =_xlfn.XLOOKUP(D$1,demand!$A$2:$A$18,demand!$E$2:$E$18)*$B11 -> 15.3 | E11: =_xlfn.XLOOKUP(E$1,demand!$A$2:$A$18,demand!$E$2:$E$18)*$B11 -> 28.8 | F11: =_xlfn.XLOOKUP(F$1,demand!$A$2:$A$18,demand!$E$2:$E$18)*$B11 -> 11.7 | G11: =_xlfn.XLOOKUP(G$1,demand!$A$2:$A$18,demand!$E$2:$E$18)*$B11 -> 11.7 | H11: =_xlfn.XLOOKUP(H$1,demand!$A$2:$A$18,demand!$E$2:$E$18)*$B11 -> 17.1 | I11: =_xlfn.XLOOKUP(I$1,demand!$A$2:$A$18,demand!$E$2:$E$18)*$B11 -> 15.3 | J11: =_xlfn.XLOOKUP(J$1,demand!$A$2:$A$18,demand!$E$2:$E$18)*$B11 -> 28.8 | ... X11: =_xlfn.XLOOKUP(X$1,demand!$A$2:$A$18,demand!$E$2:$E$18)*$B11 -> 58.5
A12: t-11 | B12: 1000 | C12: =_xlfn.XLOOKUP(C$1,demand!$A$2:$A$18,demand!$E$2:$E$18)*$B12 -> 19 | D12: =_xlfn.XLOOKUP(D$1,demand!$A$2:$A$18,demand!$E$2:$E$18)*$B12 -> 17 | E12: =_xlfn.XLOOKUP(E$1,demand!$A$2:$A$18,demand!$E$2:$E$18)*$B12 -> 32 | F12: =_xlfn.XLOOKUP(F$1,demand!$A$2:$A$18,demand!$E$2:$E$18)*$B12 -> 13 | G12: =_xlfn.XLOOKUP(G$1,demand!$A$2:$A$18,demand!$E$2:$E$18)*$B12 -> 13 | H12: =_xlfn.XLOOKUP(H$1,demand!$A$2:$A$18,demand!$E$2:$E$18)*$B12 -> 19 | I12: =_xlfn.XLOOKUP(I$1,demand!$A$2:$A$18,demand!$E$2:$E$18)*$B12 -> 17 | J12: =_xlfn.XLOOKUP(J$1,demand!$A$2:$A$18,demand!$E$2:$E$18)*$B12 -> 32 | ... X12: =_xlfn.XLOOKUP(X$1,demand!$A$2:$A$18,demand!$E$2:$E$18)*$B12 -> 65
A13: t-12 | B13: 1100 | C13: =_xlfn.XLOOKUP(C$1,demand!$A$2:$A$18,demand!$E$2:$E$18)*$B13 -> 20.9 | D13: =_xlfn.XLOOKUP(D$1,demand!$A$2:$A$18,demand!$E$2:$E$18)*$B13 -> 18.7 | E13: =_xlfn.XLOOKUP(E$1,demand!$A$2:$A$18,demand!$E$2:$E$18)*$B13 -> 35.2 | F13: =_xlfn.XLOOKUP(F$1,demand!$A$2:$A$18,demand!$E$2:$E$18)*$B13 -> 14.3 | G13: =_xlfn.XLOOKUP(G$1,demand!$A$2:$A$18,demand!$E$2:$E$18)*$B13 -> 14.3 | H13: =_xlfn.XLOOKUP(H$1,demand!$A$2:$A$18,demand!$E$2:$E$18)*$B13 -> 20.9 | I13: =_xlfn.XLOOKUP(I$1,demand!$A$2:$A$18,demand!$E$2:$E$18)*$B13 -> 18.7 | J13: =_xlfn.XLOOKUP(J$1,demand!$A$2:$A$18,demand!$E$2:$E$18)*$B13 -> 35.2 | ... X13: =_xlfn.XLOOKUP(X$1,demand!$A$2:$A$18,demand!$E$2:$E$18)*$B13 -> 71.5
... A25: t-24 | B25: 2300 | C25: =_xlfn.XLOOKUP(C$1,demand!$A$2:$A$18,demand!$E$2:$E$18)*$B25 -> 43.7 | D25: =_xlfn.XLOOKUP(D$1,demand!$A$2:$A$18,demand!$E$2:$E$18)*$B25 -> 39.1 | E25: =_xlfn.XLOOKUP(E$1,demand!$A$2:$A$18,demand!$E$2:$E$18)*$B25 -> 73.6 | F25: =_xlfn.XLOOKUP(F$1,demand!$A$2:$A$18,demand!$E$2:$E$18)*$B25 -> 29.9 | G25: =_xlfn.XLOOKUP(G$1,demand!$A$2:$A$18,demand!$E$2:$E$18)*$B25 -> 29.9 | H25: =_xlfn.XLOOKUP(H$1,demand!$A$2:$A$18,demand!$E$2:$E$18)*$B25 -> 43.7 | I25: =_xlfn.XLOOKUP(I$1,demand!$A$2:$A$18,demand!$E$2:$E$18)*$B25 -> 39.1 | J25: =_xlfn.XLOOKUP(J$1,demand!$A$2:$A$18,demand!$E$2:$E$18)*$B25 -> 73.6 | ... X25: =_xlfn.XLOOKUP(X$1,demand!$A$2:$A$18,demand!$E$2:$E$18)*$B25 -> 149.5

Sheet ts_VOLL
A1: timestep | B1: D1 | C1: D2 | D1: D3 | E1: D4 | F1: D5 | G1: D1 | H1: D2 | I1: D3 | J1: D4 | K1: D5 | L1: D6 | M1: D7 | N1: D8 | O1: D9 | P1: D10 | Q1: D11 | R1: D12 | S1: D13 | T1: D14 | U1: D15 | V1: D16 | W1: D17
A2: t-1 | B2: 7000 | C2: 7000 | D2: 7000 | E2: 7000 | F2: 7000 | G2: 7000 | H2: 7000 | I2: 7000 | J2: 7000 | K2: 7000 | L2: 7000 | M2: 7000 | N2: 7000 | O2: 7000 | P2: 7000 | Q2: 7000 | R2: 7000 | S2: 7000 | T2: 7000 | U2: 7000 | V2: 7000 | W2: 7000

Sheet branch
A1: name | B1: from_busname | C1: to_busname | D1: stat | E1: r | F1: x | G1: b | H1: ShortTermRating | I1: ContinuousRating
A2: L1-12 | B2: 1 | C2: 2 | D2: 1 | F2: 0.0146 | H2: 200 | I2: 250
A3: L2-13 | B3: 1 | C3: 3 | D3: 1 | F3: 0.2253 | H3: 220 | I3: 250
A4: L3-15 | B4: 1 | C4: 5 | D4: 1 | F4: 0.0907 | H4: 220 | I4: 250
A5: L4-24 | B5: 2 | C5: 4 | D5: 1 | F5: 0.1356 | H5: 220 | I5: 250
A6: L5-26 | B6: 2 | C6: 6 | D6: 1 | F6: 0.205 | H6: 220 | I6: 250
A7: L6-39 | B7: 3 | C7: 9 | D7: 1 | F7: 0.1271 | H7: 220 | I7: 250
A8: L7-49 | B8: 4 | C8: 9 | D8: 1 | F8: 0.111 | H8: 220 | I8: 250
A9: L8-510 | B9: 5 | C9: 10 | D9: 1 | F9: 0.094 | H9: 220 | I9: 250
A10: L9-610 | B10: 6 | C10: 10 | D10: 1 | F10: 0.0642 | H10: 200 | I10: 250
A11: L10-78 | B11: 7 | C11: 8 | D11: 1 | F11: 0.0652 | H11: 220 | I11: 100
A12: L11-89 | B12: 8 | C12: 9 | D12: 1 | F12: 0.1762 | H12: 220 | I12: 250
A13: L12-810 | B13: 8 | C13: 10 | D13: 1 | F13: 0.1762 | H13: 220 | I13: 250
... A34: L33-2122 | B34: 21 | C34: 22 | D34: 1 | F34: 0.0692 | H34: 625 | I34: 500

Sheet ts_Lmax
A1: timestep | B1: L1-12 | C1: L2-13 | D1: L3-15 | E1: L4-24 | F1: L5-26 | G1: L6-39 | H1: L7-49 | I1: L8-510 | J1: L9-610 | K1: L10-78 | L1: L11-89 | M1: L12-810 | N1: L13-1113 | O1: L14-1114 | P1: L15-1213 | Q1: L16-1223 | R1: L17-1323 | S1: L18-1416 | T1: L19-1516 | U1: L20-1521 | V1: L21-1521 | W1: L22-1524 | X1: L23-1617 | Y1: L24-1619 | Z1: L25-1718 | AA1: L26-1722 | AB1: L27-1821 | AC1: L28-1821 | AD1: L29-1920 | AE1: L30-1920 | AF1: L31-2023 | AG1: L32-2023 | AH1: L33-2122
A2: t-1 | B2: =_xlfn.XLOOKUP(B$1,branch!$A$2:$A$34,branch!$I$2:$I$34) -> 250 | C2: =_xlfn.XLOOKUP(C$1,branch!$A$2:$A$34,branch!$I$2:$I$34) -> 250 | D2: =_xlfn.XLOOKUP(D$1,branch!$A$2:$A$34,branch!$I$2:$I$34) -> 250 | E2: =_xlfn.XLOOKUP(E$1,branch!$A$2:$A$34,branch!$I$2:$I$34) -> 250 | F2: =_xlfn.XLOOKUP(F$1,branch!$A$2:$A$34,branch!$I$2:$I$34) -> 250 | G2: =_xlfn.XLOOKUP(G$1,branch!$A$2:$A$34,branch!$I$2:$I$34) -> 250 | H2: =_xlfn.XLOOKUP(H$1,branch!$A$2:$A$34,branch!$I$2:$I$34) -> 250 | I2: =_xlfn.XLOOKUP(I$1,branch!$A$2:$A$34,branch!$I$2:$I$34) -> 250 | ... AH2: =_xlfn.XLOOKUP(AH$1,branch!$A$2:$A$34,branch!$I$2:$I$34) -> 500

Sheet transformers_2w
A1: name | B1: from_busname | C1: to_busname | D1: from_zone | E1: to_zone | F1: type | G1: stat | H1: winding12_resistance_pu | I1: winding12_reactance_pu | J1: winding1_rating_mva | K1: ShortTermRating | L1: ContinuousRating
A2: T1-324 | B2: 3 | C2: 24 | D2: =_xlfn.XLOOKUP($B2,bus!$A$2:$A$25,bus!$D$2:$D$25) -> 1 | E2: =_xlfn.XLOOKUP($B2,bus!$A$2:$A$25,bus!$D$2:$D$25) -> 1 | F2: 2 | G2: 1 | I2: 0.084 | J2: 50
A3: T2-911 | B3: 9 | C3: 11 | D3: =_xlfn.XLOOKUP($B3,bus!$A$2:$A$25,bus!$D$2:$D$25) -> 1 | E3: =_xlfn.XLOOKUP($B3,bus!$A$2:$A$25,bus!$D$2:$D$25) -> 1 | F3: 1 | G3: 1 | I3: 0.084 | J3: 50
A4: T3-912 | B4: 9 | C4: 12 | D4: =_xlfn.XLOOKUP($B4,bus!$A$2:$A$25,bus!$D$2:$D$25) -> 1 | E4: =_xlfn.XLOOKUP($B4,bus!$A$2:$A$25,bus!$D$2:$D$25) -> 1 | F4: 2 | G4: 1 | I4: 0.084 | J4: 50
A5: T4-1011 | B5: 10 | C5: 11 | D5: =_xlfn.XLOOKUP($B5,bus!$A$2:$A$25,bus!$D$2:$D$25) -> 1 | E5: =_xlfn.XLOOKUP($B5,bus!$A$2:$A$25,bus!$D$2:$D$25) -> 1 | F5: 1 | G5: 1 | I5: 0.084 | J5: 50
A6: T5-1012 | B6: 10 | C6: 12 | D6: =_xlfn.XLOOKUP($B6,bus!$A$2:$A$25,bus!$D$2:$D$25) -> 1 | E6: =_xlfn.XLOOKUP($B6,bus!$A$2:$A$25,bus!$D$2:$D$25) -> 1 | F6: 2 | G6: 1 | I6: 0.084 | J6: 50

Sheet transformers_3w
A1: name | B1: from_busname | C1: to_busname | D1: tertiary_busname | E1: winding12_resistance_pu | F1: winding12_reactance_pu | G1: winding23_resistance_pu | H1: winding23_reactance_pu | I1: winding31_resistance_pu | J1: winding31_reactance_pu | K1: from_zone | L1: to_zone | M1: tertiary_zone | N1: type | O1: stat | P1: winding1_rating_mva | Q1: winding2_rating_mva | R1: winding3_rating_mva | S1: from_bus_name | T1: to_bus_name | U1: tertiary_bus_name

Sheet ts_TLmax
A1: timestep | B1: T1-324 | C1: T2-911 | D1: T3-912 | E1: T4-1011 | F1: T5-1012
A2: t-1 | B2: =_xlfn.XLOOKUP(B$1,transformers_2w!$A$2:$A$6,transformers_2w!$J$2:$J$6) -> 50 | C2: =_xlfn.XLOOKUP(C$1,transformers_2w!$A$2:$A$6,transformers_2w!$J$2:$J$6) -> 50 | D2: =_xlfn.XLOOKUP(D$1,transformers_2w!$A$2:$A$6,transformers_2w!$J$2:$J$6) -> 50 | E2: =_xlfn.XLOOKUP(E$1,transformers_2w!$A$2:$A$6,transformers_2w!$J$2:$J$6) -> 50 | F2: =_xlfn.XLOOKUP(F$1,transformers_2w!$A$2:$A$6,transformers_2w!$J$2:$J$6) -> 50

Sheet generator
A1: busname | B1: name | C1: export_policy | D1: lifo_assignments | E1: prorata_groups | F1: MUON_group | G1: stat | H1: type | I1: Srated | J1: PGLB | K1: PGFB | L1: PGUB | M1: QGLB | N1: QGUB | O1: FuelType | P1: synchronous | Q1: costc1 | R1: costc0 | S1: bid | T1: offer
A2: 1 | B2: G1 | C2: Individual | G2: 1 | H2: 2 | J2: 30.4 | K2: 152 | L2: 152 | O2: Synchronous | P2: Yes | Q2: 13.32 | R2: 1430.4 | S2: 11 | T2: =Q2 -> 13.32
A3: 2 | B3: G2 | C3: Individual | G3: 1 | H3: 2 | J3: 30.4 | K3: 152 | L3: 152 | O3: Synchronous | P3: Yes | Q3: 13.32 | R3: 1430.4 | S3: 11 | T3: =Q3 -> 13.32
A4: 7 | B4: G3 | C4: Individual | G4: 1 | H4: 2 | J4: 75 | K4: 350 | L4: 350 | O4: Synchronous | P4: Yes | Q4: 20.7 | R4: 1725 | S4: 16 | T4: =Q4 -> 20.7
A5: 13 | B5: G4 | C5: Individual | G5: 1 | H5: 2 | J5: 206.85 | K5: 591 | L5: 591 | O5: Synchronous | P5: Yes | Q5: 20.93 | R5: 3056.7 | S5: 17 | T5: =Q5 -> 20.93
A6: 15 | B6: G5 | C6: Individual | G6: 1 | H6: 2 | J6: 12 | K6: 60 | L6: 60 | O6: Synchronous | P6: Yes | Q6: 26.11 | R6: 437 | S6: 23 | T6: =Q6 -> 26.11
A7: 15 | B7: G6 | C7: Individual | G7: 1 | H7: 2 | J7: 54.25 | K7: 155 | L7: 155 | O7: Synchronous | P7: Yes | Q7: 10.52 | R7: 312 | S7: 7 | T7: =Q7 -> 10.52
A8: 16 | B8: G7 | C8: Individual | G8: 1 | H8: 2 | J8: 54.25 | K8: 155 | L8: 155 | O8: Synchronous | P8: Yes | Q8: 10.52 | R8: 312 | S8: 7 | T8: =Q8 -> 10.52
A9: 18 | B9: G8 | C9: Individual | E9: North | G9: 1 | H9: 1 | J9: 100 | K9: 400 | L9: 400 | O9: Synchronous | P9: Yes | Q9: 6.02 | R9: 0 | S9: 6.02 | T9: =Q9 -> 6.02
A10: 21 | B10: G9 | C10: Individual | E10: North | G10: 1 | H10: 1 | J10: 100 | K10: 400 | L10: 400 | O10: Synchronous | P10: Yes | Q10: 5.47 | R10: 0 | S10: 5.47 | T10: =Q10 -> 5.47
A11: 22 | B11: G10 | C11: Individual | E11: North | G11: 1 | H11: 1 | J11: 300 | K11: 300 | L11: 300 | O11: Synchronous | P11: Yes | Q11: 5.47 | R11: 0 | S11: 5.47 | T11: =Q11 -> 5.47
A12: 23 | B12: G11 | C12: Individual | G12: 1 | H12: 1 | J12: 108.5 | K12: 310 | L12: 310 | O12: Synchronous | P12: Yes | Q12: 10.52 | R12: 624 | S12: 8 | T12: =Q12 -> 10.52
A13: 23 | B13: G12 | C13: Individual | G13: 1 | H13: 3 | J13: 140 | K13: 350 | L13: 350 | O13: Synchronous | P13: Yes | Q13: 10.89 | R13: 2298 | S13: 8 | T13: =Q13 -> 10.89
A14: 1 | B14: W@1.1 | C14: Pro-Rata | E14: South, 13 | G14: 1 | H14: 1 | J14: 0 | K14: =L14*0.5 -> 150 | L14: 300 | O14: Wind | P14: No | Q14: 0 | R14: 0 | S14: 50 | T14: 1
A15: 1 | B15: W@1.2 | C15: Pro-Rata | E15: South, 13 | G15: 1 | H15: 1 | J15: 0 | K15: =K14 -> 150 | L15: 300 | O15: Wind | P15: No | Q15: 0 | R15: 0 | S15: 50 | T15: 1
A16: 2 | B16: W@2 | C16: Pro-Rata | E16: South, 257, 2357 | G16: 1 | H16: 1 | J16: 0 | K16: =K15 -> 150 | L16: 300 | O16: Wind | P16: No | Q16: 0 | R16: 0 | S16: 50 | T16: 1
A17: 3 | B17: W@3 | C17: Pro-Rata | E17: South, 13, 2357 | G17: 1 | H17: 1 | J17: 0 | K17: =K16 -> 150 | L17: 300 | O17: Wind | P17: No | Q17: 0 | R17: 0 | S17: 50 | T17: 1
A18: 5 | B18: W@5 | C18: Pro-Rata | E18: South, 257, 2357 | G18: 1 | H18: 1 | J18: 0 | K18: =K17 -> 150 | L18: 300 | O18: Wind | P18: No | Q18: 0 | R18: 0 | S18: 50 | T18: 1
A19: 7 | B19: W@7 | C19: Pro-Rata | E19: South, 257, 2357 | G19: 1 | H19: 1 | J19: 0 | K19: =K18 -> 150 | L19: 300 | O19: Wind | P19: No | Q19: 0 | R19: 0 | S19: 50 | T19: 1

Sheet ts_PGLB
A1: timestep | B1: {=TRANSPOSE(generator!$B$2:$B$19)} -> G1 | C1: G2 | D1: G3 | E1: G4 | F1: G5 | G1: G6 | H1: G7 | I1: G8 | J1: G9 | K1: G10 | L1: G11 | M1: G12 | N1: W@1.1 | O1: W@1.2 | P1: W@2 | Q1: W@3 | R1: W@5 | S1: W@7
A2: t-1 | B2: =_xlfn.XLOOKUP(B$1,generator!$B$2:$B$19,generator!$J$2:$J$19) -> 30.4 | C2: =_xlfn.XLOOKUP(C$1,generator!$B$2:$B$19,generator!$J$2:$J$19) -> 30.4 | D2: =_xlfn.XLOOKUP(D$1,generator!$B$2:$B$19,generator!$J$2:$J$19) -> 75 | E2: =_xlfn.XLOOKUP(E$1,generator!$B$2:$B$19,generator!$J$2:$J$19) -> 206.85 | F2: =_xlfn.XLOOKUP(F$1,generator!$B$2:$B$19,generator!$J$2:$J$19) -> 12 | G2: =_xlfn.XLOOKUP(G$1,generator!$B$2:$B$19,generator!$J$2:$J$19) -> 54.25 | H2: =_xlfn.XLOOKUP(H$1,generator!$B$2:$B$19,generator!$J$2:$J$19) -> 54.25 | I2: =_xlfn.XLOOKUP(I$1,generator!$B$2:$B$19,generator!$J$2:$J$19) -> 100 | ... S2: =_xlfn.XLOOKUP(S$1,generator!$B$2:$B$19,generator!$J$2:$J$19) -> 0

Sheet ts_PGUB
A1: timestep | B1: {=TRANSPOSE(generator!$B$2:$B$19)} -> G1 | C1: G2 | D1: G3 | E1: G4 | F1: G5 | G1: G6 | H1: G7 | I1: G8 | J1: G9 | K1: G10 | L1: G11 | M1: G12 | N1: W@1.1 | O1: W@1.2 | P1: W@2 | Q1: W@3 | R1: W@5 | S1: W@7
A2: t-1 | B2: =_xlfn.XLOOKUP(B$1,generator!$B$2:$B$19,generator!$L$2:$L$19) -> 152 | C2: =_xlfn.XLOOKUP(C$1,generator!$B$2:$B$19,generator!$L$2:$L$19) -> 152 | D2: =_xlfn.XLOOKUP(D$1,generator!$B$2:$B$19,generator!$L$2:$L$19) -> 350 | E2: =_xlfn.XLOOKUP(E$1,generator!$B$2:$B$19,generator!$L$2:$L$19) -> 591 | F2: =_xlfn.XLOOKUP(F$1,generator!$B$2:$B$19,generator!$L$2:$L$19) -> 60 | G2: =_xlfn.XLOOKUP(G$1,generator!$B$2:$B$19,generator!$L$2:$L$19) -> 155 | H2: =_xlfn.XLOOKUP(H$1,generator!$B$2:$B$19,generator!$L$2:$L$19) -> 155 | I2: =_xlfn.XLOOKUP(I$1,generator!$B$2:$B$19,generator!$L$2:$L$19) -> 400 | ... S2: =_xlfn.XLOOKUP(S$1,generator!$B$2:$B$19,generator!$L$2:$L$19) -> 300

Sheet ts_bid
A1: timestep | B1: {=TRANSPOSE(generator!$B$2:$B$19)} -> G1 | C1: G2 | D1: G3 | E1: G4 | F1: G5 | G1: G6 | H1: G7 | I1: G8 | J1: G9 | K1: G10 | L1: G11 | M1: G12 | N1: W@1.1 | O1: W@1.2 | P1: W@2 | Q1: W@3 | R1: W@5 | S1: W@7
A2: t-1 | B2: =_xlfn.XLOOKUP(B$1,generator!$B$2:$B$19,generator!$S$2:$S$19) -> 11 | C2: =_xlfn.XLOOKUP(C$1,generator!$B$2:$B$19,generator!$S$2:$S$19) -> 11 | D2: =_xlfn.XLOOKUP(D$1,generator!$B$2:$B$19,generator!$S$2:$S$19) -> 16 | E2: =_xlfn.XLOOKUP(E$1,generator!$B$2:$B$19,generator!$S$2:$S$19) -> 17 | F2: =_xlfn.XLOOKUP(F$1,generator!$B$2:$B$19,generator!$S$2:$S$19) -> 23 | G2: =_xlfn.XLOOKUP(G$1,generator!$B$2:$B$19,generator!$S$2:$S$19) -> 7 | H2: =_xlfn.XLOOKUP(H$1,generator!$B$2:$B$19,generator!$S$2:$S$19) -> 7 | I2: =_xlfn.XLOOKUP(I$1,generator!$B$2:$B$19,generator!$S$2:$S$19) -> 6.02 | ... S2: =_xlfn.XLOOKUP(S$1,generator!$B$2:$B$19,generator!$S$2:$S$19) -> 50

Sheet prosumer
A1: busname | B1: name | C1: export_policy | D1: lifo_assignments | E1: gen_prorata_groups | F1: demand_prorata_groups | G1: MUON_group | H1: stat | I1: type | J1: Standing_Loss | K1: Eff_In | L1: Eff_Out | M1: PPUB- | N1: PPFB- | O1: PPLB- | P1: PPLB+ | Q1: PPFB+ | R1: PPUB+ | S1: QGLB | T1: QGUB | U1: StoreType | V1: synchronous | W1: costc1- | X1: costc1+ | Y1: costc0 | Z1: bid | AA1: offer
A2: 1 | B2: P@1 | C2: Pro-Rata | E2: South, 1+3 | F2: North | H2: 0 | J2: 0 | K2: 0 | L2: 0 | M2: -1000 | N2: -1000 | O2: 0 | P2: 0 | Q2: 1000 | R2: 1000 | S2: 0 | T2: 0 | U2: Generic | V2: Yes | W2: 1000 | X2: 1000 | Y2: 0 | Z2: 0 | AA2: 5
A3: 3 | B3: P@3 | C3: Pro-Rata | E3: South, 1+3 | F3: North | H3: 0 | J3: 0 | K3: 0 | L3: 0 | M3: -1000 | N3: -1000 | O3: 0 | P3: 0 | Q3: 1000 | R3: 1000 | S3: 0 | T3: 0 | U3: Generic | V3: Yes | W3: 1000 | X3: 1000 | Y3: 0 | Z3: 0 | AA3: 5

Sheet interconnectors
A1: name | B1: from_busname | C1: to_busname | D1: from_zone_lu | E1: to_zone_lu | F1: stat | G1: P | H1: QGLB | I1: costc1 | J1: costc0 | K1: bid | L1: offer

Sheet ts_Pint
A1: timestep | B1: Int1 | C1: Int2
A2: t-1 | B2: 0 | C2: 0

Sheet baseMVA
A1: baseMVA
A2: 100
